{
  "format": "web-program-pre1",
  "manifest": [
    {
      "path": "packages/es5-shim.js",
      "where": "client",
      "type": "js",
      "cacheable": true,
      "url": "/packages/es5-shim.js?03b82f907286b5353e3a371eb320635a634fc88b",
      "sourceMap": "packages/es5-shim.js.map",
      "sourceMapUrl": "/packages/03b82f907286b5353e3a371eb320635a634fc88b.map",
      "size": 285761,
      "hash": "03b82f907286b5353e3a371eb320635a634fc88b"
    },
    {
      "path": "packages/underscore.js",
      "where": "client",
      "type": "js",
      "cacheable": true,
      "url": "/packages/underscore.js?46eaedbdeb6e71c82af1b16f51c7da4127d6f285",
      "sourceMap": "packages/underscore.js.map",
      "sourceMapUrl": "/packages/46eaedbdeb6e71c82af1b16f51c7da4127d6f285.map",
      "size": 150148,
      "hash": "46eaedbdeb6e71c82af1b16f51c7da4127d6f285"
    },
    {
      "path": "packages/meteor.js",
      "where": "client",
      "type": "js",
      "cacheable": true,
      "url": "/packages/meteor.js?5deab0885176b44ccbbbf0b5101b065971c8f283",
      "sourceMap": "packages/meteor.js.map",
      "sourceMapUrl": "/packages/5deab0885176b44ccbbbf0b5101b065971c8f283.map",
      "size": 111297,
      "hash": "5deab0885176b44ccbbbf0b5101b065971c8f283"
    },
    {
      "path": "packages/meteor-base.js",
      "where": "client",
      "type": "js",
      "cacheable": true,
      "url": "/packages/meteor-base.js?f0836ed3757e6217fff6e2710a1293407a6d9b09",
      "sourceMap": "packages/meteor-base.js.map",
      "sourceMapUrl": "/packages/f0836ed3757e6217fff6e2710a1293407a6d9b09.map",
      "size": 771,
      "hash": "f0836ed3757e6217fff6e2710a1293407a6d9b09"
    },
    {
      "path": "packages/mobile-experience.js",
      "where": "client",
      "type": "js",
      "cacheable": true,
      "url": "/packages/mobile-experience.js?674f55574f9947b91bb5f92f9ea9be098479b649",
      "sourceMap": "packages/mobile-experience.js.map",
      "sourceMapUrl": "/packages/674f55574f9947b91bb5f92f9ea9be098479b649.map",
      "size": 777,
      "hash": "674f55574f9947b91bb5f92f9ea9be098479b649"
    },
    {
      "path": "packages/random.js",
      "where": "client",
      "type": "js",
      "cacheable": true,
      "url": "/packages/random.js?f390084b611992ee4c5bd9d83b86877f3797289c",
      "sourceMap": "packages/random.js.map",
      "sourceMapUrl": "/packages/f390084b611992ee4c5bd9d83b86877f3797289c.map",
      "size": 23564,
      "hash": "f390084b611992ee4c5bd9d83b86877f3797289c"
    },
    {
      "path": "packages/base64.js",
      "where": "client",
      "type": "js",
      "cacheable": true,
      "url": "/packages/base64.js?6b407c3b106cfc043cc07a07a111a2443d789bd4",
      "sourceMap": "packages/base64.js.map",
      "sourceMapUrl": "/packages/6b407c3b106cfc043cc07a07a111a2443d789bd4.map",
      "size": 15153,
      "hash": "6b407c3b106cfc043cc07a07a111a2443d789bd4"
    },
    {
      "path": "packages/ejson.js",
      "where": "client",
      "type": "js",
      "cacheable": true,
      "url": "/packages/ejson.js?5e95dd4b5971d96cb2d3287c54b14d9002f83ab7",
      "sourceMap": "packages/ejson.js.map",
      "sourceMapUrl": "/packages/5e95dd4b5971d96cb2d3287c54b14d9002f83ab7.map",
      "size": 81773,
      "hash": "5e95dd4b5971d96cb2d3287c54b14d9002f83ab7"
    },
    {
      "path": "packages/id-map.js",
      "where": "client",
      "type": "js",
      "cacheable": true,
      "url": "/packages/id-map.js?c9a0833f370b91bbc3fd76d54f21d6ce1850af49",
      "sourceMap": "packages/id-map.js.map",
      "sourceMapUrl": "/packages/c9a0833f370b91bbc3fd76d54f21d6ce1850af49.map",
      "size": 8010,
      "hash": "c9a0833f370b91bbc3fd76d54f21d6ce1850af49"
    },
    {
      "path": "packages/ordered-dict.js",
      "where": "client",
      "type": "js",
      "cacheable": true,
      "url": "/packages/ordered-dict.js?18a4254f3dd5f8c97946dadb60e33c91efab39c1",
      "sourceMap": "packages/ordered-dict.js.map",
      "sourceMapUrl": "/packages/18a4254f3dd5f8c97946dadb60e33c91efab39c1.map",
      "size": 19862,
      "hash": "18a4254f3dd5f8c97946dadb60e33c91efab39c1"
    },
    {
      "path": "packages/tracker.js",
      "where": "client",
      "type": "js",
      "cacheable": true,
      "url": "/packages/tracker.js?9309a5697855cef52b32921fbc9dcb1017c58b39",
      "sourceMap": "packages/tracker.js.map",
      "sourceMapUrl": "/packages/9309a5697855cef52b32921fbc9dcb1017c58b39.map",
      "size": 83438,
      "hash": "9309a5697855cef52b32921fbc9dcb1017c58b39"
    },
    {
      "path": "packages/mongo-id.js",
      "where": "client",
      "type": "js",
      "cacheable": true,
      "url": "/packages/mongo-id.js?3c6c0f6ceace5f42b7dfee0fcafe19ae1b711909",
      "sourceMap": "packages/mongo-id.js.map",
      "sourceMapUrl": "/packages/3c6c0f6ceace5f42b7dfee0fcafe19ae1b711909.map",
      "size": 12056,
      "hash": "3c6c0f6ceace5f42b7dfee0fcafe19ae1b711909"
    },
    {
      "path": "packages/diff-sequence.js",
      "where": "client",
      "type": "js",
      "cacheable": true,
      "url": "/packages/diff-sequence.js?f4337773c8aaf9bcaa5f5f22865660cbdd471eaa",
      "sourceMap": "packages/diff-sequence.js.map",
      "sourceMapUrl": "/packages/f4337773c8aaf9bcaa5f5f22865660cbdd471eaa.map",
      "size": 24112,
      "hash": "f4337773c8aaf9bcaa5f5f22865660cbdd471eaa"
    },
    {
      "path": "packages/geojson-utils.js",
      "where": "client",
      "type": "js",
      "cacheable": true,
      "url": "/packages/geojson-utils.js?bfbab9d995bbbb19fa1b11a3cfdb9da5f5f328ba",
      "sourceMap": "packages/geojson-utils.js.map",
      "sourceMapUrl": "/packages/bfbab9d995bbbb19fa1b11a3cfdb9da5f5f328ba.map",
      "size": 47801,
      "hash": "bfbab9d995bbbb19fa1b11a3cfdb9da5f5f328ba"
    },
    {
      "path": "packages/minimongo.js",
      "where": "client",
      "type": "js",
      "cacheable": true,
      "url": "/packages/minimongo.js?ddeb2f3d695025f8a898acc13d2fe121f9728127",
      "sourceMap": "packages/minimongo.js.map",
      "sourceMapUrl": "/packages/ddeb2f3d695025f8a898acc13d2fe121f9728127.map",
      "size": 428728,
      "hash": "ddeb2f3d695025f8a898acc13d2fe121f9728127"
    },
    {
      "path": "packages/check.js",
      "where": "client",
      "type": "js",
      "cacheable": true,
      "url": "/packages/check.js?cfa4250d2aae369fa666098adc27266de8e26aea",
      "sourceMap": "packages/check.js.map",
      "sourceMapUrl": "/packages/cfa4250d2aae369fa666098adc27266de8e26aea.map",
      "size": 42523,
      "hash": "cfa4250d2aae369fa666098adc27266de8e26aea"
    },
    {
      "path": "packages/retry.js",
      "where": "client",
      "type": "js",
      "cacheable": true,
      "url": "/packages/retry.js?acb5f93adc31a57311c18af4ce21068297f00f37",
      "sourceMap": "packages/retry.js.map",
      "sourceMapUrl": "/packages/acb5f93adc31a57311c18af4ce21068297f00f37.map",
      "size": 6712,
      "hash": "acb5f93adc31a57311c18af4ce21068297f00f37"
    },
    {
      "path": "packages/ddp-common.js",
      "where": "client",
      "type": "js",
      "cacheable": true,
      "url": "/packages/ddp-common.js?407f25963eff34d975e0ca121f51d819c7c8d364",
      "sourceMap": "packages/ddp-common.js.map",
      "sourceMapUrl": "/packages/407f25963eff34d975e0ca121f51d819c7c8d364.map",
      "size": 44696,
      "hash": "407f25963eff34d975e0ca121f51d819c7c8d364"
    },
    {
      "path": "packages/reload.js",
      "where": "client",
      "type": "js",
      "cacheable": true,
      "url": "/packages/reload.js?234f78ebae6ce49cbb0da4705afaec398706283b",
      "sourceMap": "packages/reload.js.map",
      "sourceMapUrl": "/packages/234f78ebae6ce49cbb0da4705afaec398706283b.map",
      "size": 25329,
      "hash": "234f78ebae6ce49cbb0da4705afaec398706283b"
    },
    {
      "path": "packages/ddp-client.js",
      "where": "client",
      "type": "js",
      "cacheable": true,
      "url": "/packages/ddp-client.js?250b63e6c919c5383a0511ee4efbf42bb70a650f",
      "sourceMap": "packages/ddp-client.js.map",
      "sourceMapUrl": "/packages/250b63e6c919c5383a0511ee4efbf42bb70a650f.map",
      "size": 581263,
      "hash": "250b63e6c919c5383a0511ee4efbf42bb70a650f"
    },
    {
      "path": "packages/ddp.js",
      "where": "client",
      "type": "js",
      "cacheable": true,
      "url": "/packages/ddp.js?1c935134013739ed5ece46880dea800b6319bd67",
      "sourceMap": "packages/ddp.js.map",
      "sourceMapUrl": "/packages/1c935134013739ed5ece46880dea800b6319bd67.map",
      "size": 849,
      "hash": "1c935134013739ed5ece46880dea800b6319bd67"
    },
    {
      "path": "packages/ddp-server.js",
      "where": "client",
      "type": "js",
      "cacheable": true,
      "url": "/packages/ddp-server.js?1057b33d71942bc01fd0167e2b2a5f49f5545d11",
      "sourceMap": "packages/ddp-server.js.map",
      "sourceMapUrl": "/packages/1057b33d71942bc01fd0167e2b2a5f49f5545d11.map",
      "size": 770,
      "hash": "1057b33d71942bc01fd0167e2b2a5f49f5545d11"
    },
    {
      "path": "packages/mongo.js",
      "where": "client",
      "type": "js",
      "cacheable": true,
      "url": "/packages/mongo.js?5dcfbae63393ea63b330ea0c46d7b41eb1b4c3ae",
      "sourceMap": "packages/mongo.js.map",
      "sourceMapUrl": "/packages/5dcfbae63393ea63b330ea0c46d7b41eb1b4c3ae.map",
      "size": 151645,
      "hash": "5dcfbae63393ea63b330ea0c46d7b41eb1b4c3ae"
    },
    {
      "path": "packages/blaze-html-templates.js",
      "where": "client",
      "type": "js",
      "cacheable": true,
      "url": "/packages/blaze-html-templates.js?31453f3129c01ec6fabaa5b791f6572e8c4464a2",
      "sourceMap": "packages/blaze-html-templates.js.map",
      "sourceMapUrl": "/packages/31453f3129c01ec6fabaa5b791f6572e8c4464a2.map",
      "size": 780,
      "hash": "31453f3129c01ec6fabaa5b791f6572e8c4464a2"
    },
    {
      "path": "packages/reactive-dict.js",
      "where": "client",
      "type": "js",
      "cacheable": true,
      "url": "/packages/reactive-dict.js?3233d954f6663be2cf0b0d488f34ce72dfc2fffb",
      "sourceMap": "packages/reactive-dict.js.map",
      "sourceMapUrl": "/packages/3233d954f6663be2cf0b0d488f34ce72dfc2fffb.map",
      "size": 23922,
      "hash": "3233d954f6663be2cf0b0d488f34ce72dfc2fffb"
    },
    {
      "path": "packages/session.js",
      "where": "client",
      "type": "js",
      "cacheable": true,
      "url": "/packages/session.js?9a40cf46e8dc125a3486dc33b2a965c1e9f8ff2b",
      "sourceMap": "packages/session.js.map",
      "sourceMapUrl": "/packages/9a40cf46e8dc125a3486dc33b2a965c1e9f8ff2b.map",
      "size": 5959,
      "hash": "9a40cf46e8dc125a3486dc33b2a965c1e9f8ff2b"
    },
    {
      "path": "packages/jquery.js",
      "where": "client",
      "type": "js",
      "cacheable": true,
      "url": "/packages/jquery.js?1015953f785c9b76503e2ecb391507dce965f357",
      "sourceMap": "packages/jquery.js.map",
      "sourceMapUrl": "/packages/1015953f785c9b76503e2ecb391507dce965f357.map",
      "size": 1295968,
      "hash": "1015953f785c9b76503e2ecb391507dce965f357"
    },
    {
      "path": "packages/standard-minifiers.js",
      "where": "client",
      "type": "js",
      "cacheable": true,
      "url": "/packages/standard-minifiers.js?b02a7937678c6058031ee7b2f45b5a617518335d",
      "sourceMap": "packages/standard-minifiers.js.map",
      "sourceMapUrl": "/packages/b02a7937678c6058031ee7b2f45b5a617518335d.map",
      "size": 778,
      "hash": "b02a7937678c6058031ee7b2f45b5a617518335d"
    },
    {
      "path": "packages/babel-compiler.js",
      "where": "client",
      "type": "js",
      "cacheable": true,
      "url": "/packages/babel-compiler.js?b72b25550ee1619b0eaddf5e0c1541e8c264ccf0",
      "sourceMap": "packages/babel-compiler.js.map",
      "sourceMapUrl": "/packages/b72b25550ee1619b0eaddf5e0c1541e8c264ccf0.map",
      "size": 840,
      "hash": "b72b25550ee1619b0eaddf5e0c1541e8c264ccf0"
    },
    {
      "path": "packages/ecmascript.js",
      "where": "client",
      "type": "js",
      "cacheable": true,
      "url": "/packages/ecmascript.js?9c79b20dd3f3a6da85828defdd8585b8436af75d",
      "sourceMap": "packages/ecmascript.js.map",
      "sourceMapUrl": "/packages/9c79b20dd3f3a6da85828defdd8585b8436af75d.map",
      "size": 840,
      "hash": "9c79b20dd3f3a6da85828defdd8585b8436af75d"
    },
    {
      "path": "packages/autopublish.js",
      "where": "client",
      "type": "js",
      "cacheable": true,
      "url": "/packages/autopublish.js?c5edcae57ad2cf69f735706476fb86d91c1f1b0e",
      "sourceMap": "packages/autopublish.js.map",
      "sourceMapUrl": "/packages/c5edcae57ad2cf69f735706476fb86d91c1f1b0e.map",
      "size": 768,
      "hash": "c5edcae57ad2cf69f735706476fb86d91c1f1b0e"
    },
    {
      "path": "packages/angular_angular.js",
      "where": "client",
      "type": "js",
      "cacheable": true,
      "url": "/packages/angular_angular.js?feeaf4750c9fd3ceafa9f712f99a21ee6fef9b41",
      "sourceMap": "packages/angular_angular.js.map",
      "sourceMapUrl": "/packages/feeaf4750c9fd3ceafa9f712f99a21ee6fef9b41.map",
      "size": 3683194,
      "hash": "feeaf4750c9fd3ceafa9f712f99a21ee6fef9b41"
    },
    {
      "path": "packages/lai_collection-extensions.js",
      "where": "client",
      "type": "js",
      "cacheable": true,
      "url": "/packages/lai_collection-extensions.js?f8478d22d6e7340a407e011db0e82655b2e122c9",
      "sourceMap": "packages/lai_collection-extensions.js.map",
      "sourceMapUrl": "/packages/f8478d22d6e7340a407e011db0e82655b2e122c9.map",
      "size": 14196,
      "hash": "f8478d22d6e7340a407e011db0e82655b2e122c9"
    },
    {
      "path": "packages/dburles_mongo-collection-instances.js",
      "where": "client",
      "type": "js",
      "cacheable": true,
      "url": "/packages/dburles_mongo-collection-instances.js?43b0aa5cff685c0391191467888afdc677a2183e",
      "sourceMap": "packages/dburles_mongo-collection-instances.js.map",
      "sourceMapUrl": "/packages/43b0aa5cff685c0391191467888afdc677a2183e.map",
      "size": 6477,
      "hash": "43b0aa5cff685c0391191467888afdc677a2183e"
    },
    {
      "path": "packages/angular.js",
      "where": "client",
      "type": "js",
      "cacheable": true,
      "url": "/packages/angular.js?d2db9bfa9c7bfe58b5c47cd57d99ed5e3c86f7de",
      "sourceMap": "packages/angular.js.map",
      "sourceMapUrl": "/packages/d2db9bfa9c7bfe58b5c47cd57d99ed5e3c86f7de.map",
      "size": 180853,
      "hash": "d2db9bfa9c7bfe58b5c47cd57d99ed5e3c86f7de"
    },
    {
      "path": "packages/webapp.js",
      "where": "client",
      "type": "js",
      "cacheable": true,
      "url": "/packages/webapp.js?1b9f36d855fc5c8399abf2579ac1e1512060cc95",
      "sourceMap": "packages/webapp.js.map",
      "sourceMapUrl": "/packages/1b9f36d855fc5c8399abf2579ac1e1512060cc95.map",
      "size": 2579,
      "hash": "1b9f36d855fc5c8399abf2579ac1e1512060cc95"
    },
    {
      "path": "packages/livedata.js",
      "where": "client",
      "type": "js",
      "cacheable": true,
      "url": "/packages/livedata.js?93f27626c1702ea8af804d6170ffbf8968626718",
      "sourceMap": "packages/livedata.js.map",
      "sourceMapUrl": "/packages/93f27626c1702ea8af804d6170ffbf8968626718.map",
      "size": 898,
      "hash": "93f27626c1702ea8af804d6170ffbf8968626718"
    },
    {
      "path": "packages/hot-code-push.js",
      "where": "client",
      "type": "js",
      "cacheable": true,
      "url": "/packages/hot-code-push.js?3916ae26c3ca4928e61dc2da7e7b3f93e4164c0c",
      "sourceMap": "packages/hot-code-push.js.map",
      "sourceMapUrl": "/packages/3916ae26c3ca4928e61dc2da7e7b3f93e4164c0c.map",
      "size": 773,
      "hash": "3916ae26c3ca4928e61dc2da7e7b3f93e4164c0c"
    },
    {
      "path": "packages/deps.js",
      "where": "client",
      "type": "js",
      "cacheable": true,
      "url": "/packages/deps.js?a0f1fc18309813a3aac8954f76d0c73e4c5d46f4",
      "sourceMap": "packages/deps.js.map",
      "sourceMapUrl": "/packages/a0f1fc18309813a3aac8954f76d0c73e4c5d46f4.map",
      "size": 917,
      "hash": "a0f1fc18309813a3aac8954f76d0c73e4c5d46f4"
    },
    {
      "path": "packages/htmljs.js",
      "where": "client",
      "type": "js",
      "cacheable": true,
      "url": "/packages/htmljs.js?fd1566f5a5a4b277eb93f0a636a84a07ab9a83db",
      "sourceMap": "packages/htmljs.js.map",
      "sourceMapUrl": "/packages/fd1566f5a5a4b277eb93f0a636a84a07ab9a83db.map",
      "size": 60361,
      "hash": "fd1566f5a5a4b277eb93f0a636a84a07ab9a83db"
    },
    {
      "path": "packages/observe-sequence.js",
      "where": "client",
      "type": "js",
      "cacheable": true,
      "url": "/packages/observe-sequence.js?cd318009bd759e1458173f84a537c5dd315b4f86",
      "sourceMap": "packages/observe-sequence.js.map",
      "sourceMapUrl": "/packages/cd318009bd759e1458173f84a537c5dd315b4f86.map",
      "size": 32282,
      "hash": "cd318009bd759e1458173f84a537c5dd315b4f86"
    },
    {
      "path": "packages/reactive-var.js",
      "where": "client",
      "type": "js",
      "cacheable": true,
      "url": "/packages/reactive-var.js?975c4d5513ecf8c3a212b5aa160a9ea4447f3079",
      "sourceMap": "packages/reactive-var.js.map",
      "sourceMapUrl": "/packages/975c4d5513ecf8c3a212b5aa160a9ea4447f3079.map",
      "size": 13430,
      "hash": "975c4d5513ecf8c3a212b5aa160a9ea4447f3079"
    },
    {
      "path": "packages/blaze.js",
      "where": "client",
      "type": "js",
      "cacheable": true,
      "url": "/packages/blaze.js?9391df93ba5076c2cfc61ee68724eb79b65f00d9",
      "sourceMap": "packages/blaze.js.map",
      "sourceMapUrl": "/packages/9391df93ba5076c2cfc61ee68724eb79b65f00d9.map",
      "size": 461224,
      "hash": "9391df93ba5076c2cfc61ee68724eb79b65f00d9"
    },
    {
      "path": "packages/spacebars.js",
      "where": "client",
      "type": "js",
      "cacheable": true,
      "url": "/packages/spacebars.js?1aedcc2aa3ae9ff5d860d73516110cedd77c033e",
      "sourceMap": "packages/spacebars.js.map",
      "sourceMapUrl": "/packages/1aedcc2aa3ae9ff5d860d73516110cedd77c033e.map",
      "size": 26371,
      "hash": "1aedcc2aa3ae9ff5d860d73516110cedd77c033e"
    },
    {
      "path": "packages/templating.js",
      "where": "client",
      "type": "js",
      "cacheable": true,
      "url": "/packages/templating.js?5db4914a80394b9530626a92ea3d0f235e44bea7",
      "sourceMap": "packages/templating.js.map",
      "sourceMapUrl": "/packages/5db4914a80394b9530626a92ea3d0f235e44bea7.map",
      "size": 21818,
      "hash": "5db4914a80394b9530626a92ea3d0f235e44bea7"
    },
    {
      "path": "packages/launch-screen.js",
      "where": "client",
      "type": "js",
      "cacheable": true,
      "url": "/packages/launch-screen.js?b50bb1bd905d2cc3d6182ee28c096df0cc24a725",
      "sourceMap": "packages/launch-screen.js.map",
      "sourceMapUrl": "/packages/b50bb1bd905d2cc3d6182ee28c096df0cc24a725.map",
      "size": 8132,
      "hash": "b50bb1bd905d2cc3d6182ee28c096df0cc24a725"
    },
    {
      "path": "packages/ui.js",
      "where": "client",
      "type": "js",
      "cacheable": true,
      "url": "/packages/ui.js?6aa94fb4743be2472f799f928674607edae2afdf",
      "sourceMap": "packages/ui.js.map",
      "sourceMapUrl": "/packages/6aa94fb4743be2472f799f928674607edae2afdf.map",
      "size": 1004,
      "hash": "6aa94fb4743be2472f799f928674607edae2afdf"
    },
    {
      "path": "packages/babel-runtime.js",
      "where": "client",
      "type": "js",
      "cacheable": true,
      "url": "/packages/babel-runtime.js?b0359ff15b87202234ffb6a78f85b70175b412af",
      "sourceMap": "packages/babel-runtime.js.map",
      "sourceMapUrl": "/packages/b0359ff15b87202234ffb6a78f85b70175b412af.map",
      "size": 30626,
      "hash": "b0359ff15b87202234ffb6a78f85b70175b412af"
    },
    {
      "path": "packages/promise.js",
      "where": "client",
      "type": "js",
      "cacheable": true,
      "url": "/packages/promise.js?0c2cb555c712ad52692c3b6dbe6318ccf1a1600f",
      "sourceMap": "packages/promise.js.map",
      "sourceMapUrl": "/packages/0c2cb555c712ad52692c3b6dbe6318ccf1a1600f.map",
      "size": 101405,
      "hash": "0c2cb555c712ad52692c3b6dbe6318ccf1a1600f"
    },
    {
      "path": "packages/ecmascript-collections.js",
      "where": "client",
      "type": "js",
      "cacheable": true,
      "url": "/packages/ecmascript-collections.js?f40db97e12a9f8e6be41cace4209f022d24ec40e",
      "sourceMap": "packages/ecmascript-collections.js.map",
      "sourceMapUrl": "/packages/f40db97e12a9f8e6be41cace4209f022d24ec40e.map",
      "size": 152522,
      "hash": "f40db97e12a9f8e6be41cace4209f022d24ec40e"
    },
    {
      "path": "packages/autoupdate.js",
      "where": "client",
      "type": "js",
      "cacheable": true,
      "url": "/packages/autoupdate.js?764e166739a4aeba204926326b786baa4292b65d",
      "sourceMap": "packages/autoupdate.js.map",
      "sourceMapUrl": "/packages/764e166739a4aeba204926326b786baa4292b65d.map",
      "size": 17021,
      "hash": "764e166739a4aeba204926326b786baa4292b65d"
    },
    {
      "path": "packages/global-imports.js",
      "where": "client",
      "type": "js",
      "cacheable": true,
      "url": "/packages/global-imports.js?738d5022bb4e63169b78ef4e4bd51ef30a0ddff6",
      "size": 956,
      "hash": "738d5022bb4e63169b78ef4e4bd51ef30a0ddff6"
    },
    {
      "path": "app/partials/addProduct.ng.html.js",
      "where": "client",
      "type": "js",
      "cacheable": true,
      "url": "/app/partials/addProduct.ng.html.js?794123a3efadf9528b7544eb81da2a803afe52f3",
      "sourceMap": "app/partials/addProduct.ng.html.js.map",
      "sourceMapUrl": "/app/partials/794123a3efadf9528b7544eb81da2a803afe52f3.map",
      "size": 2165,
      "hash": "794123a3efadf9528b7544eb81da2a803afe52f3"
    },
    {
      "path": "app/partials/editProduct.ng.html.js",
      "where": "client",
      "type": "js",
      "cacheable": true,
      "url": "/app/partials/editProduct.ng.html.js?e94cf397da9b70e2add4852018580436e49fb7fc",
      "sourceMap": "app/partials/editProduct.ng.html.js.map",
      "sourceMapUrl": "/app/partials/e94cf397da9b70e2add4852018580436e49fb7fc.map",
      "size": 1409,
      "hash": "e94cf397da9b70e2add4852018580436e49fb7fc"
    },
    {
      "path": "app/partials/viewProduct.ng.html.js",
      "where": "client",
      "type": "js",
      "cacheable": true,
      "url": "/app/partials/viewProduct.ng.html.js?f3565a3a296dd69f523b96d9dd8fa471304a6fd1",
      "sourceMap": "app/partials/viewProduct.ng.html.js.map",
      "sourceMapUrl": "/app/partials/f3565a3a296dd69f523b96d9dd8fa471304a6fd1.map",
      "size": 595,
      "hash": "f3565a3a296dd69f523b96d9dd8fa471304a6fd1"
    },
    {
      "path": "app/index.compiled.html.js",
      "where": "client",
      "type": "js",
      "cacheable": true,
      "url": "/app/index.compiled.html.js?a23a69590200be327dcb88cb4e358d1005c5fa72",
      "sourceMap": "app/index.compiled.html.js.map",
      "sourceMapUrl": "/app/a23a69590200be327dcb88cb4e358d1005c5fa72.map",
      "size": 448,
      "hash": "a23a69590200be327dcb88cb4e358d1005c5fa72"
    },
    {
      "path": "app/index.ng.html.js",
      "where": "client",
      "type": "js",
      "cacheable": true,
      "url": "/app/index.ng.html.js?9e9d28209e13ca2c2c3795fe53de06c0580ea3b9",
      "sourceMap": "app/index.ng.html.js.map",
      "sourceMapUrl": "/app/9e9d28209e13ca2c2c3795fe53de06c0580ea3b9.map",
      "size": 3489,
      "hash": "9e9d28209e13ca2c2c3795fe53de06c0580ea3b9"
    },
    {
      "path": "app/app.ng.js",
      "where": "client",
      "type": "js",
      "cacheable": true,
      "url": "/app/app.ng.js?016ee5788df45b21918b7e27453a70a9e2c5fd0a",
      "sourceMap": "app/app.ng.js.map",
      "sourceMapUrl": "/app/016ee5788df45b21918b7e27453a70a9e2c5fd0a.map",
      "size": 2268,
      "hash": "016ee5788df45b21918b7e27453a70a9e2c5fd0a"
    },
    {
      "path": "app/server.js",
      "where": "client",
      "type": "js",
      "cacheable": true,
      "url": "/app/server.js?a609742006449971549ff12662cf8d02e0d40526",
      "sourceMap": "app/server.js.map",
      "sourceMapUrl": "/app/a609742006449971549ff12662cf8d02e0d40526.map",
      "size": 8683,
      "hash": "a609742006449971549ff12662cf8d02e0d40526"
    },
    {
      "path": "head.html",
      "where": "internal",
      "type": "head",
      "hash": "a1fa00f7a6e0fe0b79b5e91883d6c3d5b10eda00"
    }
  ]
}