{"metadata":{"modules":{"imports":[],"exports":{"exported":[],"specifiers":[]}},"usedHelpers":[]},"ignored":false,"code":"// Server side code not available on client\nProducts = new Mongo.Collection(\"productCollection\");\n\nif (Meteor.isServer) {\n\n    // Initialise the DB with sample data (if necessary)\n    // Note the object syntax has changed from previous labs - number values are not quoted\n    Meteor.startup(function () {\n        if (Products.find().count() === 0) {\n            var parties = [{\n                'id': 1,\n                'name': 'Kettle',\n                'description': 'Steel Electric Kettle',\n                'category': 'Kitchen',\n                'stock': 100,\n                'price': 55.00 }, {\n                'id': 2,\n                'name': 'Fridge freezer',\n                'description': 'Fridge + freezer large',\n                'category': 'kitchen',\n                'stock': 45,\n                'price': 799.00 }, {\n                'id': 3,\n                'name': 'Portable Music Player',\n                'description': '250GB music player (MP3, MP4, WMA, WAV)',\n                'category': 'Audio',\n                'stock': 5,\n                'price': 99.00 }, {\n                'id': 4,\n                'name': '13inch Laptop',\n                'description': 'HP laptop, 8GB RAM, 250GB SSD',\n                'category': 'Computer',\n                'stock': 45,\n                'price': 799.00 }, {\n                'id': 5,\n                'name': '8inch Tablet',\n                'description': 'Android 5.1 Tablet, 32GB storage, 8inch screen',\n                'category': 'Computer',\n                'stock': 5,\n                'price': 99.00 }, {\n                'id': 6,\n                'name': '46inch TV',\n                'description': 'Sony 4K, OLED, Smart TV',\n                'category': 'Television',\n                'stock': 12,\n                'price': 2799.00 }, {\n                'id': 7,\n                'name': 'Washing Machine',\n                'description': '1600rpm spin, A+++ rated, 10KG',\n                'category': 'Laundry',\n                'stock': 50,\n                'price': 699.00 }, {\n                'id': 8,\n                'name': 'Phone',\n                'description': 'Windows 10, 5.2inch OLED, 3GB RAM, 64GB Storage',\n                'category': 'Mobile Phone',\n                'stock': 45,\n                'price': 799.00 }, {\n                'id': 9,\n                'name': '10inch Tablet',\n                'description': 'Windows 10, 128GB storage, 8inch screen',\n                'category': 'Computer',\n                'stock': 5,\n                'price': 299.00 }, {\n                'id': 10,\n                'name': 'Oven',\n                'description': 'Oven + Grill, Stainless Steel',\n                'category': 'Kitchen',\n                'stock': 10,\n                'price': 399.00 }, {\n                'id': 11,\n                'name': 'Bed',\n                'description': 'Super King size, super comfort mattress',\n                'category': 'Furniture',\n                'stock': 5,\n                'price': 899.00 }, {\n                'id': 12,\n                'name': 'Learning JavaScript',\n                'description': 'Become a JavaScript expert in 2 hours!',\n                'category': 'Book',\n                'stock': 50,\n                'price': 29.00 }];\n\n            // Insert JS objects into collection\n            for (var i = 0; i < parties.length; i++) Parties.insert(parties[i]);\n        }\n    });\n}","ast":null,"map":{"version":3,"sources":["/server.js"],"names":[],"mappings":";AACA,QAAQ,GAAG,IAAI,KAAK,CAAC,UAAU,CAAC,mBAAmB,CAAC,CAAC;;AAErD,IAAI,MAAM,CAAC,QAAQ,EAAE;;;;AAInB,UAAM,CAAC,OAAO,CAAC,YAAY;AACzB,YAAI,QAAQ,CAAC,IAAI,EAAE,CAAC,KAAK,EAAE,KAAK,CAAC,EAAE;AACjC,gBAAI,OAAO,GAAG,CACR;AACI,oBAAI,EAAE,CAAC;AACP,sBAAM,EAAE,QAAQ;AAChB,6BAAa,EAAE,uBAAuB;AACtC,0BAAU,EAAE,SAAS;AACrB,uBAAO,EAAE,GAAG;AACZ,uBAAO,EAAE,KAAK,EAAC,EACnB;AACI,oBAAI,EAAE,CAAC;AACP,sBAAM,EAAE,gBAAgB;AACxB,6BAAa,EAAE,wBAAwB;AACvC,0BAAU,EAAE,SAAS;AACrB,uBAAO,EAAE,EAAE;AACX,uBAAO,EAAE,MAAM,EAAC,EACpB;AACI,oBAAI,EAAE,CAAC;AACP,sBAAM,EAAE,uBAAuB;AAC/B,6BAAa,EAAE,yCAAyC;AACxD,0BAAU,EAAE,OAAO;AACnB,uBAAO,EAAE,CAAC;AACV,uBAAO,EAAE,KAAK,EAAC,EACnB;AACI,oBAAI,EAAE,CAAC;AACP,sBAAM,EAAE,eAAe;AACvB,6BAAa,EAAE,+BAA+B;AAC9C,0BAAU,EAAE,UAAU;AACtB,uBAAO,EAAE,EAAE;AACX,uBAAO,EAAE,MAAM,EAAC,EACpB;AACI,oBAAI,EAAE,CAAC;AACP,sBAAM,EAAE,cAAc;AACtB,6BAAa,EAAE,gDAAgD;AAC/D,0BAAU,EAAE,UAAU;AACtB,uBAAO,EAAE,CAAC;AACV,uBAAO,EAAE,KAAK,EAAC,EACnB;AACI,oBAAI,EAAE,CAAC;AACP,sBAAM,EAAE,WAAW;AACnB,6BAAa,EAAE,yBAAyB;AACxC,0BAAU,EAAE,YAAY;AACxB,uBAAO,EAAE,EAAE;AACX,uBAAO,EAAE,OAAO,EAAC,EACrB;AACI,oBAAI,EAAE,CAAC;AACP,sBAAM,EAAE,iBAAiB;AACzB,6BAAa,EAAE,gCAAgC;AAC/C,0BAAU,EAAE,SAAS;AACrB,uBAAO,EAAE,EAAE;AACX,uBAAO,EAAE,MAAM,EAAC,EACpB;AACI,oBAAI,EAAE,CAAC;AACP,sBAAM,EAAE,OAAO;AACf,6BAAa,EAAE,iDAAiD;AAChE,0BAAU,EAAE,cAAc;AAC1B,uBAAO,EAAE,EAAE;AACX,uBAAO,EAAE,MAAM,EAAC,EACpB;AACI,oBAAI,EAAE,CAAC;AACP,sBAAM,EAAE,eAAe;AACvB,6BAAa,EAAE,yCAAyC;AACxD,0BAAU,EAAE,UAAU;AACtB,uBAAO,EAAE,CAAC;AACV,uBAAO,EAAE,MAAM,EAAC,EACpB;AACI,oBAAI,EAAE,EAAE;AACR,sBAAM,EAAE,MAAM;AACd,6BAAa,EAAE,+BAA+B;AAC9C,0BAAU,EAAE,SAAS;AACrB,uBAAO,EAAE,EAAE;AACX,uBAAO,EAAE,MAAM,EAAC,EACpB;AACI,oBAAI,EAAE,EAAE;AACR,sBAAM,EAAE,KAAK;AACb,6BAAa,EAAE,yCAAyC;AACxD,0BAAU,EAAE,WAAW;AACvB,uBAAO,EAAE,CAAC;AACV,uBAAO,EAAE,MAAM,EAAC,EACpB;AACI,oBAAI,EAAE,EAAE;AACR,sBAAM,EAAE,qBAAqB;AAC7B,6BAAa,EAAE,wCAAwC;AACvD,0BAAU,EAAE,MAAM;AAClB,uBAAO,EAAE,EAAE;AACX,uBAAO,EAAE,KAAK,EAAC,CACxB,CAAC;;;AAGF,iBAAK,IAAI,CAAC,GAAG,CAAC,EAAE,CAAC,GAAG,OAAO,CAAC,MAAM,EAAE,CAAC,EAAE,EACrC,OAAO,CAAC,MAAM,CAAC,OAAO,CAAC,CAAC,CAAC,CAAC,CAAC;SAC9B;KACF,CAAC,CAAC;CACJ","file":"/server.js.map","sourcesContent":["// Server side code not available on client\nProducts = new Mongo.Collection(\"productCollection\");\n\nif (Meteor.isServer) {\n\n\t// Initialise the DB with sample data (if necessary)\n\t// Note the object syntax has changed from previous labs - number values are not quoted\n  Meteor.startup(function () {\n    if (Products.find().count() === 0) {\n      var parties = [\n            {\n                'id': 1,\n                'name': 'Kettle',\n                'description': 'Steel Electric Kettle',\n                'category': 'Kitchen',\n                'stock': 100,\n                'price': 55.00},\n            {\n                'id': 2,\n                'name': 'Fridge freezer',\n                'description': 'Fridge + freezer large',\n                'category': 'kitchen',\n                'stock': 45,\n                'price': 799.00},\n            {\n                'id': 3,\n                'name': 'Portable Music Player',\n                'description': '250GB music player (MP3, MP4, WMA, WAV)',\n                'category': 'Audio',\n                'stock': 5,\n                'price': 99.00},\n            {\n                'id': 4,\n                'name': '13inch Laptop',\n                'description': 'HP laptop, 8GB RAM, 250GB SSD',\n                'category': 'Computer',\n                'stock': 45,\n                'price': 799.00},\n            {\n                'id': 5,\n                'name': '8inch Tablet',\n                'description': 'Android 5.1 Tablet, 32GB storage, 8inch screen',\n                'category': 'Computer',\n                'stock': 5,\n                'price': 99.00},\n            {\n                'id': 6,\n                'name': '46inch TV',\n                'description': 'Sony 4K, OLED, Smart TV',\n                'category': 'Television',\n                'stock': 12,\n                'price': 2799.00},\n            {\n                'id': 7,\n                'name': 'Washing Machine',\n                'description': '1600rpm spin, A+++ rated, 10KG',\n                'category': 'Laundry',\n                'stock': 50,\n                'price': 699.00},\n            {\n                'id': 8,\n                'name': 'Phone',\n                'description': 'Windows 10, 5.2inch OLED, 3GB RAM, 64GB Storage',\n                'category': 'Mobile Phone',\n                'stock': 45,\n                'price': 799.00},\n            {\n                'id': 9,\n                'name': '10inch Tablet',\n                'description': 'Windows 10, 128GB storage, 8inch screen',\n                'category': 'Computer',\n                'stock': 5,\n                'price': 299.00},\n            {\n                'id': 10,\n                'name': 'Oven',\n                'description': 'Oven + Grill, Stainless Steel',\n                'category': 'Kitchen',\n                'stock': 10,\n                'price': 399.00},\n            {\n                'id': 11,\n                'name': 'Bed',\n                'description': 'Super King size, super comfort mattress',\n                'category': 'Furniture',\n                'stock': 5,\n                'price': 899.00},\n            {\n                'id': 12,\n                'name': 'Learning JavaScript',\n                'description': 'Become a JavaScript expert in 2 hours!',\n                'category': 'Book',\n                'stock': 50,\n                'price': 29.00}\n      ];\n\n\t\t\t// Insert JS objects into collection\n      for (var i = 0; i < parties.length; i++)\n        Parties.insert(parties[i]);\n    }\n  });\n}\n"]},"hash":"84cd6d41d2fed0da1ed0b67f7c07390a8056eae1"}
